submissionId,userId,userName,projectName,firstLine,month,day,currentWeekOfIso,targetYear,reviewerDecision
cmqqytg4n00mistjk766my98d,import-dawn-lamb,Dawn Lamb,2025 Printer Refresh 2nd Order CY24,1/21:  Damaged Printer was picked up,1,21,2025-01-28T22:00:00.000Z,2025,
cmqqytg4800mgstjkql23zlkj,import-dawn-lamb,Dawn Lamb,2025 Printer Refresh 2nd Order CY24,1/5:,1,5,2025-01-14T22:00:00.000Z,2025,
cmqqytg1j00m2stjknw06vaad,import-dawn-lamb,Dawn Lamb,2025 Printer Refresh 2nd Order CY24,"10/14:  COR created sharepoint site for all POC @ regions, HQ, and RTP to access documents pertaining to printer deliveries.",10,14,2025-10-21T21:00:00.000Z,2025,
cmqqytg1z00m4stjkaulu1a50,import-dawn-lamb,Dawn Lamb,2025 Printer Refresh 2nd Order CY24,10/15:  COR submitted PR to MOD existing contract award for installation in 2 regions (4 locations).  PR-OMS-26-00007 – MODP0001.,10,15,2025-10-21T21:00:00.000Z,2025,
cmqqytg2c00m6stjks9u1t3ad,import-dawn-lamb,Dawn Lamb,2025 Printer Refresh 2nd Order CY24,10/22:  Shipping and delivery are suspended until shutdown is over.  COR is waiting to hear about delivery to only the Landover Warehouse.,10,22,2025-11-04T22:00:00.000Z,2025,
cmqqytg1700m0stjkx3rdw2tu,import-dawn-lamb,Dawn Lamb,2025 Printer Refresh 2nd Order CY24,10/7:  COR created a PR mod to add installation to printer refresh order for Regions 3 and 4.  COR is waiting on Line of Accounting to come in from the Finance team.,10,7,2025-10-07T21:00:00.000Z,2025,
cmqqytg3300mastjk6wv776i7,import-dawn-lamb,Dawn Lamb,2025 Printer Refresh 2nd Order CY24,11/17:,11,17,2025-11-18T22:00:00.000Z,2025,
cmqqytg3g00mcstjkr2iozhc7,import-dawn-lamb,Dawn Lamb,2025 Printer Refresh 2nd Order CY24,11/26:,11,26,2025-12-02T22:00:00.000Z,2025,
cmqqytg2p00m8stjkf5i6lz1f,import-dawn-lamb,Dawn Lamb,2025 Printer Refresh 2nd Order CY24,"11/3:  Later determined that Landover Warehouse will have someone available if EPA is fully involved with the Government shutdown.  Estimated delivery for Landover Warehouse will happen the week of November 17, 2025.  Landover Warehouse has a contractor who is essential and will be notified via email with a definite delivery date.",11,3,2025-11-04T22:00:00.000Z,2025,
cmqqytg3u00mestjkr4cw36yl,import-dawn-lamb,Dawn Lamb,2025 Printer Refresh 2nd Order CY24,12/3:,12,3,2025-12-16T22:00:00.000Z,2025,
cmqqytg0t00lystjkmdwwz6xe,import-dawn-lamb,Dawn Lamb,2025 Printer Refresh 2nd Order CY24,2/11:  COR approved invoice for Ladover Warehouse – that excluded a damaged printer.  Waiting on next steps for damaged pritner to be delivered to Landover Warehouse.,2,11,2025-02-11T22:00:00.000Z,2025,
cmqqytg5000mkstjkt91gzot4,import-dawn-lamb,Dawn Lamb,2025 Printer Refresh 2nd Order CY24,2/5:,2,5,2025-02-11T22:00:00.000Z,2025,
cmqqyte8100c8stjk89gmocn0,import-shela-poke-williams,Shela Poke-Williams,Abaco Blackfish,01/28:,1,28,2025-01-28T22:00:00.000Z,2025,
cmqqyte8e00castjkwn8stjf7,import-shela-poke-williams,Shela Poke-Williams,Abaco Blackfish,02/10:,2,10,2025-02-11T22:00:00.000Z,2025,
cmqqyte8q00ccstjk08b7csbz,import-shela-poke-williams,Shela Poke-Williams,Abaco Blackfish,2/24:,2,24,2025-02-25T22:00:00.000Z,2025,
cmqqyte9e00cgstjkmlpjp5x4,import-shela-poke-williams,Shela Poke-Williams,Abaco Blackfish,3/24,3,24,2025-03-25T21:00:00.000Z,2025,
cmqqyte9300cestjk1qfzyref,import-shela-poke-williams,Shela Poke-Williams,Abaco Blackfish,3/9:,3,9,2025-03-11T21:00:00.000Z,2025,
cmqqyte9p00cistjkgmtw2yf8,import-shela-poke-williams,Shela Poke-Williams,Abaco Blackfish,4/09,4,9,2025-04-22T21:00:00.000Z,2025,
cmqqytea100ckstjkthqalu3y,import-shela-poke-williams,Shela Poke-Williams,Abaco Blackfish,4/21,4,21,2025-04-22T21:00:00.000Z,2025,
cmqqytead00cmstjk8uifxe5o,import-shela-poke-williams,Shela Poke-Williams,Abaco Blackfish,4/30,4,30,2025-05-06T21:00:00.000Z,2025,
cmqqyteap00costjkubacb82w,import-shela-poke-williams,Shela Poke-Williams,Abaco Blackfish,5/19,5,19,2025-05-20T21:00:00.000Z,2025,
cmqqyte6r00c0stjkm5zbfgc3,import-shela-poke-williams,Shela Poke-Williams,Abaco Blackfish,6/10,6,10,2025-06-17T21:00:00.000Z,2025,
cmqqytc270016stjkd93vfffw,import-garrett-hayes,Garrett Hayes,Adobe ELA,01/05:  PR-OFA-26-00131 submitted to contracts.  Purpose of this PR is to switch the COR and Alt. COR.,1,5,2025-01-14T22:00:00.000Z,2025,
cmqqytc2o0018stjk00k4qt6c,import-garrett-hayes,Garrett Hayes,Adobe ELA,1/13:  No changes/updates,1,13,2025-01-14T22:00:00.000Z,2025,
cmqqytc36001astjkikv5dirw,import-garrett-hayes,Garrett Hayes,Adobe ELA,1/27:  No changes/updates,1,27,2025-01-28T22:00:00.000Z,2025,
cmqqytc130012stjkx002272v,import-garrett-hayes,Garrett Hayes,Adobe ELA,11/26:  Awarded.,11,26,2025-12-02T22:00:00.000Z,2025,
cmqqytc1m0014stjkypkvcdxt,import-garrett-hayes,Garrett Hayes,Adobe ELA,12/23:,12,23,2025-12-30T22:00:00.000Z,2025,
cmqqytc3o001cstjk46ty839b,import-garrett-hayes,Garrett Hayes,Adobe ELA,2/10:  No Changes/updates,2,10,2025-02-11T22:00:00.000Z,2025,
cmqqytc3x001estjkbghxebhr,import-garrett-hayes,Garrett Hayes,Adobe ELA,2/24:  Starting recompete process for initial package development in June,2,24,2025-02-25T22:00:00.000Z,2025,
cmqqytc49001gstjkq9g8uujk,import-garrett-hayes,Garrett Hayes,Adobe ELA,3/10:  Developing IGCE for submission of EO compliance form for recompete period  11/27/26.,3,10,2025-03-11T21:00:00.000Z,2025,
cmqqytc4k001istjktnkjqkj6,import-garrett-hayes,Garrett Hayes,Adobe ELA,3/24:  FY26-27 CGER EO Compliance with IGCE Approved 3/20.,3,24,2025-03-25T21:00:00.000Z,2025,
cmqqytc0n0010stjkxoet5krq,import-garrett-hayes,Garrett Hayes,Adobe ELA,4/7: Recompete FY26-27 FITARA Submitted for review 3/31/26,4,7,2025-04-08T21:00:00.000Z,2025,
cmqqytc06000ystjkrto4t0y3,import-garrett-hayes,Garrett Hayes,Adobe ELA,5/19:,5,19,2025-05-20T21:00:00.000Z,2025,
cmqqytbzr000wstjkggtxokip,import-garrett-hayes,Garrett Hayes,Adobe ELA,6/1:,6,1,2025-06-03T21:00:00.000Z,2025,
cmqqytec800ctstjkqa85lw1u,import-shela-poke-williams,Shela Poke-Williams,Agile Decision Sciences,1/28:,1,28,2025-01-28T22:00:00.000Z,2025,
cmqqyteck00cvstjk67j1krij,import-shela-poke-williams,Shela Poke-Williams,Agile Decision Sciences,2/10:,2,10,2025-02-11T22:00:00.000Z,2025,
cmqqytecx00cxstjktm4gawj1,import-shela-poke-williams,Shela Poke-Williams,Agile Decision Sciences,2/24:,2,24,2025-02-25T22:00:00.000Z,2025,
cmqqytedm00d1stjk20tx8532,import-shela-poke-williams,Shela Poke-Williams,Agile Decision Sciences,3/24,3,24,2025-03-25T21:00:00.000Z,2025,
cmqqytedb00czstjk4804q0cx,import-shela-poke-williams,Shela Poke-Williams,Agile Decision Sciences,3/9,3,9,2025-03-11T21:00:00.000Z,2025,
cmqqytedw00d3stjk0416dcmt,import-shela-poke-williams,Shela Poke-Williams,Agile Decision Sciences,4/09,4,9,2025-04-22T21:00:00.000Z,2025,
cmqqytee700d5stjk4nui5n66,import-shela-poke-williams,Shela Poke-Williams,Agile Decision Sciences,4/21,4,21,2025-04-22T21:00:00.000Z,2025,
cmqqyteej00d7stjkx0jkxc6d,import-shela-poke-williams,Shela Poke-Williams,Agile Decision Sciences,4/30,4,30,2025-05-06T21:00:00.000Z,2025,
cmqqyteet00d9stjkyqzxokmb,import-shela-poke-williams,Shela Poke-Williams,Agile Decision Sciences,5/19,5,19,2025-05-20T21:00:00.000Z,2025,
cmqqytebv00crstjke4kc0v9w,import-shela-poke-williams,Shela Poke-Williams,Agile Decision Sciences,6/10,6,10,2025-06-17T21:00:00.000Z,2025,
cmqqxvy02004xkj72sdvqnu4g,import-jake-beja,Jake Beja,AT&T (via EMDC) (call order),01/29:,1,29,2025-02-11T22:00:00.000Z,2025,
cmqqxvxzx004vkj722s9fba11,import-jake-beja,Jake Beja,AT&T (via EMDC) (call order),02/10:,2,10,2025-02-11T22:00:00.000Z,2025,
cmqqxvxzq004tkj7259av8plo,import-jake-beja,Jake Beja,AT&T (via EMDC) (call order),02/27:,2,27,2025-03-11T21:00:00.000Z,2025,
cmqqxvxzk004rkj720p4kncts,import-jake-beja,Jake Beja,AT&T (via EMDC) (call order),03/27:,3,27,2025-04-08T21:00:00.000Z,2025,
cmqqxvxzf004pkj72lg8txx3o,import-jake-beja,Jake Beja,AT&T (via EMDC) (call order),04/08:,4,8,2025-04-08T21:00:00.000Z,2025,
cmqqxvxyy004jkj724k8f5s50,import-jake-beja,Jake Beja,AT&T (via EMDC) (call order),04/23:,4,23,2025-05-06T21:00:00.000Z,2025,
cmqqxvxym004fkj72urboaihv,import-jake-beja,Jake Beja,AT&T (via EMDC) (call order),05/04:,5,4,2025-05-06T21:00:00.000Z,2025,
cmqqxvxyb004bkj722f6lmftb,import-jake-beja,Jake Beja,AT&T (via EMDC) (call order),05/20:,5,20,2025-05-20T21:00:00.000Z,2025,
cmqqxvxxb003zkj72bmdjna8b,import-jake-beja,Jake Beja,AT&T (via EMDC) (call order),06/02:,6,2,2025-06-03T21:00:00.000Z,2025,
cmqqxvy0t0057kj72gk9310uv,import-jake-beja,Jake Beja,AT&T (via EMDC) (call order),10/07:,10,7,2025-10-07T21:00:00.000Z,2025,
cmqqxvy0o0055kj72nw0l4zqv,import-jake-beja,Jake Beja,AT&T (via EMDC) (call order),10/21:,10,21,2025-10-21T21:00:00.000Z,2025,
cmqqxvy0i0053kj72b7st51q3,import-jake-beja,Jake Beja,AT&T (via EMDC) (call order),11/03:,11,3,2025-11-04T22:00:00.000Z,2025,
cmqqxvy0c0051kj720a3yzxvx,import-jake-beja,Jake Beja,AT&T (via EMDC) (call order),11/18:,11,18,2025-11-18T22:00:00.000Z,2025,
cmqqxvy08004zkj72whviaf0q,import-jake-beja,Jake Beja,AT&T (via EMDC) (call order),12/29:,12,29,2025-12-30T22:00:00.000Z,2025,
cmqqytefy00destjk92yfnl1p,import-shela-poke-williams,Shela Poke-Williams,Daycom,01/28:,1,28,2025-01-28T22:00:00.000Z,2025,
cmqqyteg500dgstjkdw0in33k,import-shela-poke-williams,Shela Poke-Williams,Daycom,2/10:,2,10,2025-02-11T22:00:00.000Z,2025,
cmqqytegg00distjk7j98iu0v,import-shela-poke-williams,Shela Poke-Williams,Daycom,2/24:,2,24,2025-02-25T22:00:00.000Z,2025,
cmqqytehc00dostjknyf48k81,import-shela-poke-williams,Shela Poke-Williams,Daycom,3/24,3,24,2025-03-25T21:00:00.000Z,2025,
cmqqytegr00dkstjkhfq53zq4,import-shela-poke-williams,Shela Poke-Williams,Daycom,3/9,3,9,2025-03-11T21:00:00.000Z,2025,
cmqqyteho00dqstjk96rdnu8v,import-shela-poke-williams,Shela Poke-Williams,Daycom,4/09,4,9,2025-04-22T21:00:00.000Z,2025,
cmqqytehy00dsstjk8q44bipn,import-shela-poke-williams,Shela Poke-Williams,Daycom,4/21,4,21,2025-04-22T21:00:00.000Z,2025,
cmqqytei800dustjktzbwwib6,import-shela-poke-williams,Shela Poke-Williams,Daycom,4/30,4,30,2025-05-06T21:00:00.000Z,2025,
cmqqyteih00dwstjkvaefesvm,import-shela-poke-williams,Shela Poke-Williams,Daycom,5/19,5,19,2025-05-20T21:00:00.000Z,2025,
cmqqytefp00dcstjkgzqs7wm1,import-shela-poke-williams,Shela Poke-Williams,Daycom,6/10,6,10,2025-06-17T21:00:00.000Z,2025,
cmqr0r2br002aq4elsucjki1s,import-adam-vanenwyck,Adam VanEnwyck,eBusiness,01/05:,1,5,2025-01-14T22:00:00.000Z,2025,
cmqr0r2bz002cq4eleecbpvgo,import-adam-vanenwyck,Adam VanEnwyck,eBusiness,01/29:,1,29,2025-02-11T22:00:00.000Z,2025,
cmqr0r2aw0022q4elmrnlrx3d,import-adam-vanenwyck,Adam VanEnwyck,eBusiness,02/17:,2,17,2025-02-25T22:00:00.000Z,2025,
cmqr0r2ap0020q4eltci23h7y,import-adam-vanenwyck,Adam VanEnwyck,eBusiness,03/02:,3,2,2025-03-11T21:00:00.000Z,2025,
cmqr0r2ah001yq4eld2dm42va,import-adam-vanenwyck,Adam VanEnwyck,eBusiness,03/24:,3,24,2025-03-25T21:00:00.000Z,2025,
cmqr0r2ab001wq4elwl9dglsb,import-adam-vanenwyck,Adam VanEnwyck,eBusiness,04/07:,4,7,2025-04-08T21:00:00.000Z,2025,
cmqr0r2a5001uq4el6jddjrfk,import-adam-vanenwyck,Adam VanEnwyck,eBusiness,04/21:,4,21,2025-04-22T21:00:00.000Z,2025,
cmqr0r29y001sq4el75kk31ed,import-adam-vanenwyck,Adam VanEnwyck,eBusiness,05/04:,5,4,2025-05-06T21:00:00.000Z,2025,
cmqr0r29s001qq4eluwdct1q2,import-adam-vanenwyck,Adam VanEnwyck,eBusiness,06/01:,6,1,2025-06-03T21:00:00.000Z,2025,
cmqr0r2b60024q4eldth2z08g,import-adam-vanenwyck,Adam VanEnwyck,eBusiness,10/06:,10,6,2025-10-07T21:00:00.000Z,2025,
cmqr0r2bc0026q4elp2f0h6ho,import-adam-vanenwyck,Adam VanEnwyck,eBusiness,10/21:,10,21,2025-10-21T21:00:00.000Z,2025,
cmqr0r2bk0028q4el00snxp60,import-adam-vanenwyck,Adam VanEnwyck,eBusiness,11/03:,11,3,2025-11-04T22:00:00.000Z,2025,
cmqqxvxq1002bkj725apjvzgn,cmpx2emsj0001788vfgr7eaal,Sergey Minchenkov,EIS,01/29:,1,29,2025-02-11T22:00:00.000Z,2025,
cmqqxvxpu0029kj72luxi7bwg,cmpx2emsj0001788vfgr7eaal,Sergey Minchenkov,EIS,02/10:,2,10,2025-02-11T22:00:00.000Z,2025,
cmqqxvxpp0027kj72m4h4e3bk,cmpx2emsj0001788vfgr7eaal,Sergey Minchenkov,EIS,02/27:,2,27,2025-03-11T21:00:00.000Z,2025,
cmqqxvxpj0025kj7208uz0k0l,cmpx2emsj0001788vfgr7eaal,Sergey Minchenkov,EIS,03/24:,3,24,2025-03-25T21:00:00.000Z,2025,
cmqqxvxpe0023kj72kaovvz5e,cmpx2emsj0001788vfgr7eaal,Sergey Minchenkov,EIS,04/08:,4,8,2025-04-08T21:00:00.000Z,2025,
cmqqxvxp80021kj72ro104oi5,cmpx2emsj0001788vfgr7eaal,Sergey Minchenkov,EIS,04/23:,4,23,2025-05-06T21:00:00.000Z,2025,
cmqqxvxp2001zkj72qoatgfey,cmpx2emsj0001788vfgr7eaal,Sergey Minchenkov,EIS,05/04:,5,4,2025-05-06T21:00:00.000Z,2025,
cmqqxvxov001xkj72zfd3xqre,cmpx2emsj0001788vfgr7eaal,Sergey Minchenkov,EIS,05/20:,5,20,2025-05-20T21:00:00.000Z,2025,
cmqqxvxop001vkj72cjwcu2l2,cmpx2emsj0001788vfgr7eaal,Sergey Minchenkov,EIS,06/03:,6,3,2025-06-03T21:00:00.000Z,2025,
cmqqxvxqw002lkj720nyd6h9s,cmpx2emsj0001788vfgr7eaal,Sergey Minchenkov,EIS,10/07:,10,7,2025-10-07T21:00:00.000Z,2025,
cmqqxvxqq002jkj72c5l0me7h,cmpx2emsj0001788vfgr7eaal,Sergey Minchenkov,EIS,10/21:,10,21,2025-10-21T21:00:00.000Z,2025,
cmqqxvxqk002hkj7291c1ch2n,cmpx2emsj0001788vfgr7eaal,Sergey Minchenkov,EIS,11/03:,11,3,2025-11-04T22:00:00.000Z,2025,
cmqqxvxqe002fkj72s8efbrch,cmpx2emsj0001788vfgr7eaal,Sergey Minchenkov,EIS,11/18:,11,18,2025-11-18T22:00:00.000Z,2025,
cmqqxvxq7002dkj72a7zsqk2p,cmpx2emsj0001788vfgr7eaal,Sergey Minchenkov,EIS,12/29:,12,29,2025-12-30T22:00:00.000Z,2025,
cmqqxvxwi003skj72foe78jzh,import-garrett-hayes,Garrett Hayes,Esri,"03/24: Contract moving to GSA, scheduled for 04/02.",3,24,2025-03-25T21:00:00.000Z,2025,
cmqqxvxwf003qkj72llu7vvpd,import-garrett-hayes,Garrett Hayes,Esri,04/21: Contract transferred to GSA. EPA SF-30 notifying Esri of transfer to GSA sent out 03/31. COR working with GSA/Esri to confirm details for GSA SF-30 to go out.,4,21,2025-04-22T21:00:00.000Z,2025,
cmqqxvxw9003okj72h0vcc4lp,import-garrett-hayes,Garrett Hayes,Esri,"05/05: COR has confirmed all details with GSA, and GSA COR Designation letter has been signed. GSA SF-30 notifying Esri of transfer to GSA has not gone out.",5,5,2025-05-06T21:00:00.000Z,2025,
cmqqxvxw5003mkj72dha44f4o,import-garrett-hayes,Garrett Hayes,Esri,"05/19: No changes. No update from GSA. Funding for OP3 approved, and COR will begin process of submitting for EO Compliance Review/SRO approval.",5,19,2025-05-20T21:00:00.000Z,2025,
cmqqxvxw1003kkj72maonkw1g,import-garrett-hayes,Garrett Hayes,Esri,"06/02: No changes. No update from GSA. Funding for OP3 approved, and COR will begin process of submitting for EO Compliance Review/SRO approval. Waiting for OCPO to confirm if ITOD should include IA fees in funding package.",6,2,2025-06-03T21:00:00.000Z,2025,
cmqqxvxvw003ikj72nl4b7wan,import-garrett-hayes,Garrett Hayes,Esri,06/16: No update from GSA. Funding for OP3 approved. COR submitted for EO Compliance Review and waiting on approval to submit for SRO approval. Waiting for OCPO to confirm if ITOD should include IA fees in funding package.,6,16,2025-06-17T21:00:00.000Z,2025,
cmqqxvxwq003wkj72zck79unl,import-garrett-hayes,Garrett Hayes,Esri,10/07: Option Period awarded.,10,7,2025-10-07T21:00:00.000Z,2025,
cmqqxvxwm003ukj72qay69h7b,import-garrett-hayes,Garrett Hayes,Esri,10/21: No updates until next option period exercise.,10,21,2025-10-21T21:00:00.000Z,2025,
cmqqxvycj0093kj72ue70f7jy,demo-admin,Demo Administrator,FY26 Out of Cycle Requests (OCR),10/8.  No change.,10,8,2025-10-21T21:00:00.000Z,2025,
cmqqxvyco0095kj72y86rw16n,demo-admin,Demo Administrator,FY26 Out of Cycle Requests (OCR),11/7.  No change.,11,7,2025-11-18T22:00:00.000Z,2025,
cmqqxvybs008rkj72rot19mv8,demo-admin,Demo Administrator,FY26 Out of Cycle Requests (OCR),4/11.  Journeyman Software Analyst – 1 FTE to ESSET contract request was withdrawn/not approved,4,11,2025-04-22T21:00:00.000Z,2025,
cmqqxvybx008tkj728ur4y9jq,demo-admin,Demo Administrator,FY26 Out of Cycle Requests (OCR),6/17.  EUSD request for VTC in RTP N-227,6,17,2025-06-17T21:00:00.000Z,2025,
cmqqxvyc1008vkj72rf42cg9i,demo-admin,Demo Administrator,FY26 Out of Cycle Requests (OCR),8/12.  EUSD request for Nutanix nodes in service VDI - approved 8/28,8,12,2025-08-12T21:00:00.000Z,2025,
cmqqxvyc6008xkj72ulmuew9r,demo-admin,Demo Administrator,FY26 Out of Cycle Requests (OCR),8/26.  No change.,8,26,2025-08-26T21:00:00.000Z,2025,
cmqqxvyca008zkj72ieakggal,demo-admin,Demo Administrator,FY26 Out of Cycle Requests (OCR),9/12.  No change.,9,12,2025-09-23T21:00:00.000Z,2025,
cmqqxvycf0091kj72wrc9gixt,demo-admin,Demo Administrator,FY26 Out of Cycle Requests (OCR),9/24.  RTP SCIF,9,24,2025-10-07T21:00:00.000Z,2025,
cmqqytdyl00b5stjk1xqbxz0e,import-garrett-hayes,Garrett Hayes,GAVETS 2,01/05: High-level transition kickoff meeting held 12/15. Both ITOD TPOC and current TPOC were out of office 12/19 - 01/05. Detailed transition meetings scheduled to begin week of 01/05. Official transition date has not yet been finalized.,1,5,2025-01-14T22:00:00.000Z,2025,
cmqqytdyw00b7stjkrr536nds,import-garrett-hayes,Garrett Hayes,GAVETS 2,01/29:,1,29,2025-02-11T22:00:00.000Z,2025,
cmqqytdz800b9stjk4v0xubqu,import-garrett-hayes,Garrett Hayes,GAVETS 2,02/10:,2,10,2025-02-11T22:00:00.000Z,2025,
cmqqytdya00b3stjki6ba8xw8,import-garrett-hayes,Garrett Hayes,GAVETS 2,02/24:,2,24,2025-02-25T22:00:00.000Z,2025,
cmqqytdy000b1stjkp1fcz8jm,import-garrett-hayes,Garrett Hayes,GAVETS 2,03/10:,3,10,2025-03-11T21:00:00.000Z,2025,
cmqqytdxq00azstjksbjv7ry6,import-garrett-hayes,Garrett Hayes,GAVETS 2,03/25:,3,25,2025-03-25T21:00:00.000Z,2025,
cmqqytdx000avstjkk5upppee,import-garrett-hayes,Garrett Hayes,GAVETS 2,04/21:,4,21,2025-04-22T21:00:00.000Z,2025,
cmqqytdwn00atstjk2vfdq5di,import-garrett-hayes,Garrett Hayes,GAVETS 2,05/05:,5,5,2025-05-06T21:00:00.000Z,2025,
cmqqytdwc00arstjkzmqq5n63,import-garrett-hayes,Garrett Hayes,GAVETS 2,05/19:,5,19,2025-05-20T21:00:00.000Z,2025,
cmqqytdw000apstjkmcnqnku8,import-garrett-hayes,Garrett Hayes,GAVETS 2,06/02:,6,2,2025-06-03T21:00:00.000Z,2025,
cmqqytdvp00anstjk7vxfkdvc,import-garrett-hayes,Garrett Hayes,GAVETS 2,06/16:,6,16,2025-06-17T21:00:00.000Z,2025,
cmqqytdxe00axstjkbkwc695v,import-garrett-hayes,Garrett Hayes,GAVETS 2,4/07:,4,7,2025-04-08T21:00:00.000Z,2025,
cmqqytf6400hzstjk3sin8e6y,import-shela-poke-williams,Shela Poke-Williams,IMCS-VI,03/27:,3,27,2025-04-08T21:00:00.000Z,2025,
cmqqytf5g00hvstjkwyn5dmpg,import-shela-poke-williams,Shela Poke-Williams,IMCS-VI,04/23:,4,23,2025-05-06T21:00:00.000Z,2025,
cmqqytf5500htstjkqw5dcc5s,import-shela-poke-williams,Shela Poke-Williams,IMCS-VI,04/30:,4,30,2025-05-06T21:00:00.000Z,2025,
cmqqytf4500hnstjkn8aaypmr,import-shela-poke-williams,Shela Poke-Williams,IMCS-VI,05/29:,5,29,2025-06-03T21:00:00.000Z,2025,
cmqqytf3i00hjstjkli5lqfdg,import-shela-poke-williams,Shela Poke-Williams,IMCS-VI,06/02:,6,2,2025-06-03T21:00:00.000Z,2025,
cmqqytf3700hhstjk0jt0iesr,import-shela-poke-williams,Shela Poke-Williams,IMCS-VI,06/18:,6,18,2025-07-01T21:00:00.000Z,2025,
cmqqytfbr00itstjkale6hyzq,import-shela-poke-williams,Shela Poke-Williams,IMCS-VI,2/17  Program office expedited an order for 2 internal staple finishers and can be installed with installation.  Both finishers – one for HQ (OIG) and the other for printer in inventory.,2,17,2025-02-25T22:00:00.000Z,2025,
cmqqytfbb00irstjkdluo8oaz,import-shela-poke-williams,Shela Poke-Williams,IMCS-VI,2/18:  COR submitted PR (PR-OFA-26-00302) for 2 printer accessories (internal stapler Finishers) for Lexmark 833G printer – for 2 offices (OIG and another Ofc. @ HQ).,2,18,2025-02-25T22:00:00.000Z,2025,
cmqqytfak00instjkizzu44vr,import-shela-poke-williams,Shela Poke-Williams,IMCS-VI,3/20:  2 staples finishers were received and confirmed by Landover Warehouse.,3,20,2025-03-25T21:00:00.000Z,2025,
cmqqytfax00ipstjk490vu487,import-shela-poke-williams,Shela Poke-Williams,IMCS-VI,3/20:  Contract fully awarded,3,20,2025-03-25T21:00:00.000Z,2025,
cmqqytfa600ilstjk9epwqaj4,import-shela-poke-williams,Shela Poke-Williams,IMCS-VI,3/23:  Invoice received and COR approved invoice in IPP,3,23,2025-03-25T21:00:00.000Z,2025,
cmqqytf9s00ijstjkes2jibyf,import-shela-poke-williams,Shela Poke-Williams,IMCS-VI,4/1:  Invoice approved by COR in IPP.,4,1,2025-04-08T21:00:00.000Z,2025,
cmqqytf5s00hxstjkl9cwnxmb,import-shela-poke-williams,Shela Poke-Williams,IMCS-VI,4/18:  COR Submitted PWS to the Program office to get their review and edits.,4,18,2025-04-22T21:00:00.000Z,2025,
cmqqytf0x00gzstjkhtw6ktu1,import-shela-poke-williams,Shela Poke-Williams,IMCS-VI,4/21:  RTP Facilities has a shredding event planned for NCC in July.  COR reached out to confirm event can accommodate confidential documents.  Awaiting confirmation.,4,21,2025-04-22T21:00:00.000Z,2025,
cmqqytf0o00gxstjkctud2qaq,import-shela-poke-williams,Shela Poke-Williams,IMCS-VI,5/04:  * No contract or purchase order anticipated at this time.  RTP Facilities has a shredding event planned for NCC in July.  COR confirmed with Facilities that the shredding event planned for the NCC will apply to confidential business information.,5,4,2025-05-06T21:00:00.000Z,2025,
cmqqytf4u00hrstjk7n7qze70,import-shela-poke-williams,Shela Poke-Williams,IMCS-VI,5/21:,5,21,2025-06-03T21:00:00.000Z,2025,
cmqqytf4i00hpstjkaam6euji,import-shela-poke-williams,Shela Poke-Williams,IMCS-VI,5/27:,5,27,2025-06-03T21:00:00.000Z,2025,
cmqqytf0e00gvstjkvpngbhni,import-shela-poke-williams,Shela Poke-Williams,IMCS-VI,6/01:  No new update.,6,1,2025-06-03T21:00:00.000Z,2025,
cmqqytf3t00hlstjk3r3v56v1,import-shela-poke-williams,Shela Poke-Williams,IMCS-VI,6/1:  Both IT Service Branch Section and Endpoint Services Branch have concluded that the task of Print Queue Management will be added to new MPS Contract Recompete.,6,1,2025-06-03T21:00:00.000Z,2025,
cmqqyteus00fnstjkry9mwe4x,import-shela-poke-williams,Shela Poke-Williams,IMCS-VI,"6/1:  FITARA is not required for this recompete, determined in previous recompete that this was not an IT program",6,1,2025-06-03T21:00:00.000Z,2025,
cmqqyteuh00flstjkxklr23i3,import-shela-poke-williams,Shela Poke-Williams,IMCS-VI,6/1: Working on IGCE to get compliance memo started.  There are 7 task orders that did not transfer to Brad Werwick's office and we do not have access to them in EAS.  We are working to get the documentation for them in order to complete the IGCE.,6,1,2025-06-03T21:00:00.000Z,2025,
cmqqytgj300oystjk05yuakqr,import-garrett-hayes,Garrett Hayes,Infotech 2024,01/14: Awarded 01/14.,1,14,2025-01-14T22:00:00.000Z,2025,
cmqqytghc00oistjka1yr3sa7,import-garrett-hayes,Garrett Hayes,Infotech 2024,01/27: Awarded 01/14. No updates until award effort. These will start again around 10/25.,1,27,2025-01-28T22:00:00.000Z,2025,
cmqqytgky00pestjkcnhkq2ym,import-garrett-hayes,Garrett Hayes,Infotech 2024,1/14: Funding PR (PR-OMS-25-00379) submitted for 1st order.  Waiting on funding to be available.,1,14,2025-01-14T22:00:00.000Z,2025,
cmqqytgkr00pcstjk1z5mgzqz,import-garrett-hayes,Garrett Hayes,Infotech 2024,"1/15:  Planning PR (PR-OMS-25-00387) submitted for approval to include IGCE that lists the quote for the entire year.  Currently with Will, and then route to Tiffany and Vaughn.",1,15,2025-01-28T22:00:00.000Z,2025,
cmqqytgl600pgstjkv8ljusg0,import-garrett-hayes,Garrett Hayes,Infotech 2024,1/21:,1,21,2025-01-28T22:00:00.000Z,2025,
cmqqytglk00pkstjkxmxlzmap,import-garrett-hayes,Garrett Hayes,Infotech 2024,1/27 APP updated and resubmitted with COR nomination.,1,27,2025-01-28T22:00:00.000Z,2025,
cmqqytgld00pistjkhd2rdl77,import-garrett-hayes,Garrett Hayes,Infotech 2024,1/27 SRO approved memo,1,27,2025-01-28T22:00:00.000Z,2025,
cmqqytghq00omstjku3k3dcm3,import-garrett-hayes,Garrett Hayes,Infotech 2024,10/22 Pending/verification of subscriptions from Tiffany before requesting a quote.,10,22,2025-11-04T22:00:00.000Z,2025,
cmqqytghj00okstjkhwhjt2wf,import-garrett-hayes,Garrett Hayes,Infotech 2024,10/8 Renewal efforts will begin towards the end of October as this is due to appropriated funds being used.,10,8,2025-10-21T21:00:00.000Z,2025,
cmqqytghy00oostjknzirowzt,import-garrett-hayes,Garrett Hayes,Infotech 2024,11/1 Waiting on Quote from vendor before submitting documents and PR.,11,1,2025-11-04T22:00:00.000Z,2025,
cmqqytgi600oqstjk589mwcdn,import-garrett-hayes,Garrett Hayes,Infotech 2024,11/15 Submitted the funding PR for renewal for $168k,11,15,2025-11-18T22:00:00.000Z,2025,
cmqqytgin00oustjkuvl40zgr,import-garrett-hayes,Garrett Hayes,Infotech 2024,12/16: No updates for the current task order.  New award status is under the New Awards and Recompetes Infotech report.,12,16,2025-12-16T22:00:00.000Z,2025,
cmqqytgif00osstjkipvuahhc,import-garrett-hayes,Garrett Hayes,Infotech 2024,12/2: No updates for the current task order.  New award status is under the New Awards and Recompetes Infotech report.,12,2,2025-12-02T22:00:00.000Z,2025,
cmqqytgiv00owstjkwzsu25qw,import-garrett-hayes,Garrett Hayes,Infotech 2024,"12/30: Contracting office notified me that the new award will not be in place by 10 January.  They requested that a modification to extend the current PoP be created.  Contractor stated an extension is not possible, however, notified the CO that if they were willing to provide a notice of intent for the new award, they would continue services.  The CO has not responded.  I'm following up.",12,30,2025-12-30T22:00:00.000Z,2025,
cmqqytgls00pmstjki8c8s3w8,import-garrett-hayes,Garrett Hayes,Infotech 2024,2/12 Waiting on Funding approval to purchase laptops.,2,12,2025-02-25T22:00:00.000Z,2025,
cmqqytglz00postjkafppaawy,import-garrett-hayes,Garrett Hayes,Infotech 2024,3/11:  PR is on hold and waiting on new compliance memo to be signed.,3,11,2025-03-11T21:00:00.000Z,2025,
cmqqytgm700pqstjkrc6dlkis,import-garrett-hayes,Garrett Hayes,Infotech 2024,4/15: EO memo approved,4,15,2025-04-22T21:00:00.000Z,2025,
cmqqytgmf00psstjkj2d06exq,import-garrett-hayes,Garrett Hayes,Infotech 2024,4/16: final package submitted to ITAD for award,4,16,2025-04-22T21:00:00.000Z,2025,
cmqqytgmn00pustjkauf5ymwx,import-garrett-hayes,Garrett Hayes,Infotech 2024,4/29: Awarded PR-OMS-25-00379,4,29,2025-05-06T21:00:00.000Z,2025,
cmqqytgmz00pwstjkndvjnd1t,import-garrett-hayes,Garrett Hayes,Infotech 2024,"8/18 received quote and IGCE, compliance memo submitted.",8,18,2025-08-26T21:00:00.000Z,2025,
cmqqytgn800pystjkbktvezkz,import-garrett-hayes,Garrett Hayes,Infotech 2024,8/25 Compliance memo approved,8,25,2025-08-26T21:00:00.000Z,2025,
cmqqytgng00q0stjkpc4pv9dj,import-garrett-hayes,Garrett Hayes,Infotech 2024,"8/26 PR-OMS-25-01159 submitted for final CY 25 buy $5,881,912.52",8,26,2025-08-26T21:00:00.000Z,2025,
cmqqytgnp00q2stjk3wtzioc7,import-garrett-hayes,Garrett Hayes,Infotech 2024,9/09 Awarded,9,9,2025-09-09T21:00:00.000Z,2025,
cmqqyte2100bmstjkiibn3jms,import-michelle-cuilla,Michelle Cuilla,ITI3,01/05:,1,5,2025-01-14T22:00:00.000Z,2025,
cmqqyte1p00bkstjktw9hyhhf,import-michelle-cuilla,Michelle Cuilla,ITI3,1/28:,1,28,2025-01-28T22:00:00.000Z,2025,
cmqqytcp3003sstjk9s6tkyjy,import-dawn-lamb,Dawn Lamb,ITS-EPA IV HESC II (High-End Scientific Computing),01/05: PR and APP package with CO. Revised LSJ received from and due back to CO by COB 01/07. APP Kickoff meeting with new CO scheduled for 01/12.,1,5,2025-01-14T22:00:00.000Z,2025,
cmqqytcpb003ustjk77awl0l7,import-dawn-lamb,Dawn Lamb,ITS-EPA IV HESC II (High-End Scientific Computing),01/29: $0PR and APP package with CO. Funded PR to be submitted week 02/02.,1,29,2025-02-11T22:00:00.000Z,2025,
cmqqytcpk003wstjkxpgixu58,import-dawn-lamb,Dawn Lamb,ITS-EPA IV HESC II (High-End Scientific Computing),02/10: $0PR and APP package with CO. Revised LSJ with OGC for review. Program office is drafting technical requirements in case OGC determines we cannot proceed with LSJ. Funded PR is in SRO approval process.,2,10,2025-02-11T22:00:00.000Z,2025,
cmqqytco8003kstjkwqc2zih7,import-dawn-lamb,Dawn Lamb,ITS-EPA IV HESC II (High-End Scientific Computing),"02/24: $0PR and APP package with CO. OGC approved revised LSJ, and CO is routing for review and signature. Program office is drafting technical requirements in case OGC determines we cannot proceed with LSJ. Funded PR is in SRO approval process.",2,24,2025-02-25T22:00:00.000Z,2025,
cmqqytco0003istjk8qlhhzb1,import-dawn-lamb,Dawn Lamb,ITS-EPA IV HESC II (High-End Scientific Computing),03/10: Solicitation posted. Q&A closes 03/09. Solicitation closes 03/13. CGER and SRO approval received. Waiting on LOAs to route funded PR for approval.,3,10,2025-03-11T21:00:00.000Z,2025,
cmqqytcnr003gstjk97y5pm4o,import-dawn-lamb,Dawn Lamb,ITS-EPA IV HESC II (High-End Scientific Computing),"03/24: NNG15SC59B / 68HERF26F0053 awarded on 03/20. Total dollar value $3,829,621.64.",3,24,2025-03-25T21:00:00.000Z,2025,
cmqqytcnj003estjkr5nu6rlo,import-dawn-lamb,Dawn Lamb,ITS-EPA IV HESC II (High-End Scientific Computing),"04/21: No Updates. There should not be any updates until next recompete, beginning in 09/26.",4,21,2025-04-22T21:00:00.000Z,2025,
cmqqytcoh003mstjk3pdogoeb,import-dawn-lamb,Dawn Lamb,ITS-EPA IV HESC II (High-End Scientific Computing),"11/03: FY26 CSI List received from program office, APP document and IGCE created, and FITARA submitted and awaiting approval. Once FITARA approval is received, documents will be submitted to OAS.",11,3,2025-11-04T22:00:00.000Z,2025,
cmqqytcoo003ostjkygbb91sy,import-dawn-lamb,Dawn Lamb,ITS-EPA IV HESC II (High-End Scientific Computing),"11/18: FY26 CSI List received from program office, APP document and IGCE created, and FITARA approval received. All documentation sent to OCPO.",11,18,2025-11-18T22:00:00.000Z,2025,
cmqqytcow003qstjk2f0j09ms,import-dawn-lamb,Dawn Lamb,ITS-EPA IV HESC II (High-End Scientific Computing),"12/16: FY26 CSI List received from program office, APP document and IGCE created, and FITARA approval received. All documentation sent to OCPO. PR-OFA-26-00085 routed to OFA 12/17. Funding approved at $5M.",12,16,2025-12-16T22:00:00.000Z,2025,
cmqqytctq004sstjk29hm6w6s,import-garrett-hayes,Garrett Hayes,ITSM / STAR Support,01/05: Contract funded through 03/15. EO Compliance Review form and PR to exercise OP3 and fund 03/16-04/30 in progress.,1,5,2025-01-14T22:00:00.000Z,2025,
cmqqytctx004ustjkdmwjf2de,import-garrett-hayes,Garrett Hayes,ITSM / STAR Support,01/29: Contract funded through 03/15. PR to exercise OP3 and fund 03/16-04/30 is with OCPO and is in progress.,1,29,2025-02-11T22:00:00.000Z,2025,
cmqqytcu5004wstjki52tfkj6,import-garrett-hayes,Garrett Hayes,ITSM / STAR Support,02/10: No updates. Contract funded through 03/15. PR to exercise OP3 and fund 03/16-04/30 is with OCPO and is in progress.,2,10,2025-02-11T22:00:00.000Z,2025,
cmqqytcsf004gstjkixkyra3e,import-garrett-hayes,Garrett Hayes,ITSM / STAR Support,02/24: No updates. Contract funded through 03/15. PR to exercise OP3 and fund 03/16-04/30 is with OCPO and is in progress.,2,24,2025-02-25T22:00:00.000Z,2025,
cmqqytcs8004estjkmlobvjc7,import-garrett-hayes,Garrett Hayes,ITSM / STAR Support,03/10: Contract funded through 04/30.,3,10,2025-03-11T21:00:00.000Z,2025,
cmqqytcs0004cstjk1lw3zk5e,import-garrett-hayes,Garrett Hayes,ITSM / STAR Support,03/25: No Updates. Contract funded through 04/30.,3,25,2025-03-25T21:00:00.000Z,2025,
cmqqytcrt004astjkaf5tcnry,import-garrett-hayes,Garrett Hayes,ITSM / STAR Support,04/07: Contract funded through remainder of FY26.,4,7,2025-04-08T21:00:00.000Z,2025,
cmqqytcrl0048stjkh59fxrym,import-garrett-hayes,Garrett Hayes,ITSM / STAR Support,04/21: No Updates. Contract funded through remainder of FY26.,4,21,2025-04-22T21:00:00.000Z,2025,
cmqqytcrc0046stjk7lhhlt5j,import-garrett-hayes,Garrett Hayes,ITSM / STAR Support,05/05: No Updates. Contract funded through remainder of FY26.,5,5,2025-05-06T21:00:00.000Z,2025,
cmqqytcr30044stjkec6nnamt,import-garrett-hayes,Garrett Hayes,ITSM / STAR Support,05/19: No Updates. Contract funded through remainder of FY26.,5,19,2025-05-20T21:00:00.000Z,2025,
cmqqytcqt0042stjkg823q0hn,import-garrett-hayes,Garrett Hayes,ITSM / STAR Support,06/02: No Updates. Contract funded through remainder of FY26.,6,2,2025-06-03T21:00:00.000Z,2025,
cmqqytcqk0040stjkqbm7ichl,import-garrett-hayes,Garrett Hayes,ITSM / STAR Support,06/16: No Updates. Contract funded through remainder of FY26.,6,16,2025-06-17T21:00:00.000Z,2025,
cmqqytcso004istjklsfzonqu,import-garrett-hayes,Garrett Hayes,ITSM / STAR Support,10/07: Key personnel updated.,10,7,2025-10-07T21:00:00.000Z,2025,
cmqqytcsv004kstjk1f46m6we,import-garrett-hayes,Garrett Hayes,ITSM / STAR Support,"10/21: Funding for 12/01/25 - 12/31/25 approved by WCFD Division Director. PR-OMS-26-00045 created, funding approved, and EO Compliance Review form submitted and waiting for approval. Once EO Compliance Review form is approved, PR will be routed.",10,21,2025-10-21T21:00:00.000Z,2025,
cmqqytct3004mstjk1zzbptdd,import-garrett-hayes,Garrett Hayes,ITSM / STAR Support,11/03: Contract funded through 12/31,11,3,2025-11-04T22:00:00.000Z,2025,
cmqqytctb004ostjkbfjp6yyi,import-garrett-hayes,Garrett Hayes,ITSM / STAR Support,11/18: No updates. Contract funded through 12/31,11,18,2025-11-18T22:00:00.000Z,2025,
cmqqytctj004qstjkay8bhnbb,import-garrett-hayes,Garrett Hayes,ITSM / STAR Support,"12/16: Contract funded through 12/31. Funding approved 01/01/26 - 04/30/26. PR-OFA-26-00089 in progress to fund the balance of OP2 from 01/01/26 - 03/15/26. Funding approved and EO Compliance Review form approved. PR-OFA-26-00090 to exercise OP3 and fund OP3 03/16/26 - 04/30/26 also in progress. Funding approved, and corrected EO Compliance Review form in-progress.",12,16,2025-12-16T22:00:00.000Z,2025,
cmqqytgrb00qkstjk1r3l04og,import-kim-farmer,Kim Farmer,Jan. 2026 PC (Laptops) Refresh,"1/27:  EO Compliance form was submitted for approval in the amount of $$2,674,940.46.  COR is completing other documentation that is required for PR.",1,27,2025-01-28T22:00:00.000Z,2025,
cmqqytgqy00qistjkw0ypsmiu,import-kim-farmer,Kim Farmer,Jan. 2026 PC (Laptops) Refresh,3/17:  Fully awarded Contract # 68HERF26F0048.,3,17,2025-03-25T21:00:00.000Z,2025,
cmqqytbj5000lstjko5yamug9,import-adam-vanenwyck,Adam VanEnwyck,Managed Print Services (MPS),01/05:,1,5,2025-01-14T22:00:00.000Z,2025,
cmqqytbjj000nstjksax9gusj,import-adam-vanenwyck,Adam VanEnwyck,Managed Print Services (MPS),01/29:,1,29,2025-02-11T22:00:00.000Z,2025,
cmqqytbhe000dstjk0fhbxqu7,import-adam-vanenwyck,Adam VanEnwyck,Managed Print Services (MPS),02/17:,2,17,2025-02-25T22:00:00.000Z,2025,
cmqqytbh0000bstjkwmirr0kp,import-adam-vanenwyck,Adam VanEnwyck,Managed Print Services (MPS),03/02:,3,2,2025-03-11T21:00:00.000Z,2025,
cmqqytbgl0009stjkfahhmx6t,import-adam-vanenwyck,Adam VanEnwyck,Managed Print Services (MPS),03/24:,3,24,2025-03-25T21:00:00.000Z,2025,
cmqqytbg40007stjk1rmsm8gu,import-adam-vanenwyck,Adam VanEnwyck,Managed Print Services (MPS),04/07:,4,7,2025-04-08T21:00:00.000Z,2025,
cmqqxvxru002skj726dec7m67,import-adam-vanenwyck,Adam VanEnwyck,Managed Print Services (MPS),04/21:,4,21,2025-04-22T21:00:00.000Z,2025,
cmqqytbfm0005stjknaixhwgf,import-adam-vanenwyck,Adam VanEnwyck,Managed Print Services (MPS),04/21:,4,21,2025-04-22T21:00:00.000Z,2025,
cmqqxvxro002qkj72jxw97sbh,import-adam-vanenwyck,Adam VanEnwyck,Managed Print Services (MPS),05/04:,5,4,2025-05-06T21:00:00.000Z,2025,
cmqqxvxri002okj72hkukv47x,import-adam-vanenwyck,Adam VanEnwyck,Managed Print Services (MPS),06/01:,6,1,2025-06-03T21:00:00.000Z,2025,
cmqqytbht000fstjks08kerms,import-adam-vanenwyck,Adam VanEnwyck,Managed Print Services (MPS),10/06:,10,6,2025-10-07T21:00:00.000Z,2025,
cmqqytbid000hstjkqrmfsfwg,import-adam-vanenwyck,Adam VanEnwyck,Managed Print Services (MPS),10/21:,10,21,2025-10-21T21:00:00.000Z,2025,
cmqqytbir000jstjkdhfwsgwz,import-adam-vanenwyck,Adam VanEnwyck,Managed Print Services (MPS),11/03:,11,3,2025-11-04T22:00:00.000Z,2025,
cmqqytdt200aastjk1iqi0yir,import-dawn-lamb,Dawn Lamb,Managed Print Services (MPS),02/04: PR Submitted (PR-OFA-26-00145) and routed to FCO for approval for 49 Lexmark Printers to replenish inventory.,2,4,2025-02-11T22:00:00.000Z,2025,
cmqqytdma0094stjkcv978f2x,import-dawn-lamb,Dawn Lamb,Managed Print Services (MPS),1/05:,1,5,2025-01-14T22:00:00.000Z,2025,
cmqqytdua00aistjk2f0dbq0m,import-dawn-lamb,Dawn Lamb,Managed Print Services (MPS),1/06: COR Submitted FITARA for approval.,1,6,2025-01-14T22:00:00.000Z,2025,
cmqqytdtz00agstjkely8t8ga,import-dawn-lamb,Dawn Lamb,Managed Print Services (MPS),1/12:  EO Compliance form was approved for $300K for entire year of 2026.,1,12,2025-01-14T22:00:00.000Z,2025,
cmqqytdly0092stjk6jcu6o4k,import-dawn-lamb,Dawn Lamb,Managed Print Services (MPS),1/14:,1,14,2025-01-14T22:00:00.000Z,2025,
cmqqytdlo0090stjkolf2ru7n,import-dawn-lamb,Dawn Lamb,Managed Print Services (MPS),1/21:  COR submitted EO Complaince form to incremental fund for an additional month (April 2026).,1,21,2025-01-28T22:00:00.000Z,2025,
cmqqytdle008ystjkhgkkalmb,import-dawn-lamb,Dawn Lamb,Managed Print Services (MPS),1/23:,1,23,2025-01-28T22:00:00.000Z,2025,
cmqqytdto00aestjkzgxjwx4q,import-dawn-lamb,Dawn Lamb,Managed Print Services (MPS),1/26:  FITARA Approved,1,26,2025-01-28T22:00:00.000Z,2025,
cmqqytdtc00acstjk46xwa2lj,import-dawn-lamb,Dawn Lamb,Managed Print Services (MPS),1/28:  FITARA Team fixing issue w/FITARA Approval Number as code didn't work in in EAS.,1,28,2025-01-28T22:00:00.000Z,2025,
cmqqytdum00akstjk4a4y4mli,import-dawn-lamb,Dawn Lamb,Managed Print Services (MPS),12/29:  COR submitted EO Compliance form for $300K for entire year of 2026,12,29,2025-12-30T22:00:00.000Z,2025,
cmqqytdl3008wstjk98eyzw56,import-dawn-lamb,Dawn Lamb,Managed Print Services (MPS),2/12:  COR submitted PR (PR-OFA-26-00297) to incrementally fund CLIN2001 (OY2) for 1 more month until end of April 2026 (in amount of $20K).,2,12,2025-02-25T22:00:00.000Z,2025,
cmqqytdkh008sstjkecma0a06,import-dawn-lamb,Dawn Lamb,Managed Print Services (MPS),2/17:    COR approved January usage invoice in STAR.,2,17,2025-02-25T22:00:00.000Z,2025,
cmqqytdks008ustjkumrejd10,import-dawn-lamb,Dawn Lamb,Managed Print Services (MPS),2/17:  MOD P0010 to incrementally fund contract for 1 month until end of April 2026.,2,17,2025-02-25T22:00:00.000Z,2025,
cmqqytdk4008qstjk1gz4p5jq,import-dawn-lamb,Dawn Lamb,Managed Print Services (MPS),2/19:,2,19,2025-02-25T22:00:00.000Z,2025,
cmqqytdjt008ostjkfhkxn7e4,import-dawn-lamb,Dawn Lamb,Managed Print Services (MPS),2/26:  Requested Quarterly Briefing Report with Changes.,2,26,2025-03-11T21:00:00.000Z,2025,
cmqqytdsd00a6stjkpv8f5whg,import-dawn-lamb,Dawn Lamb,Managed Print Services (MPS),2/27:  PR still being processing and waiting to be awarded,2,27,2025-03-11T21:00:00.000Z,2025,
cmqqytdji008mstjkhao4u303,import-dawn-lamb,Dawn Lamb,Managed Print Services (MPS),2/27:  TLG Submitted updated Quarterly Program Briefing Report.  COR scheduled meeting with CO for TLG to present this report.,2,27,2025-03-11T21:00:00.000Z,2025,
cmqqytdsq00a8stjk2zla8915,import-dawn-lamb,Dawn Lamb,Managed Print Services (MPS),2/5:  Contracting Assigned a buyer:  Kaela Back,2,5,2025-02-11T22:00:00.000Z,2025,
cmqqytds000a4stjkyk2mdi2t,import-dawn-lamb,Dawn Lamb,Managed Print Services (MPS),3/04:  COR modified the PR to decrease quantity 26 printers and accessories as requested by the Service Management Division.,3,4,2025-03-11T21:00:00.000Z,2025,
cmqqytdj7008kstjkqq3hj4cf,import-dawn-lamb,Dawn Lamb,Managed Print Services (MPS),3/05:  TLG presented to the Contracting Officer and Contract Specialist the Quarterly Program Briefing.  CO and CS gave feedback and requested a few changes for next report.,3,5,2025-03-11T21:00:00.000Z,2025,
cmqqytdrr00a2stjkz9eu18ci,import-dawn-lamb,Dawn Lamb,Managed Print Services (MPS),3/09;  CO has accepted modification and awaiting PR to be processed.,3,9,2025-03-11T21:00:00.000Z,2025,
cmqqytdit008istjkaficccb9,import-dawn-lamb,Dawn Lamb,Managed Print Services (MPS),3/12:  Received February's invoice and usage report.,3,12,2025-03-25T21:00:00.000Z,2025,
cmqqytdik008gstjkftpkoroe,import-dawn-lamb,Dawn Lamb,Managed Print Services (MPS),3/17:  Approved Invoice in IPP for February usage.,3,17,2025-03-25T21:00:00.000Z,2025,
cmqqytdi8008estjkvsnaapjw,import-dawn-lamb,Dawn Lamb,Managed Print Services (MPS),3/18:  Region 1 contacted Lexmark regarding a low toner for new printer.,3,18,2025-03-25T21:00:00.000Z,2025,
cmqqytdhw008cstjkkfxm6eyj,import-dawn-lamb,Dawn Lamb,Managed Print Services (MPS),"3/20:  Region 1 still didn't have any response from subcontractor, and reached out to Lexmark again.",3,20,2025-03-25T21:00:00.000Z,2025,
cmqqytdhn008astjkqb4agq3l,import-dawn-lamb,Dawn Lamb,Managed Print Services (MPS),3/23:,3,23,2025-03-25T21:00:00.000Z,2025,
cmqqytdhb0088stjk1le0grc0,import-dawn-lamb,Dawn Lamb,Managed Print Services (MPS),3/24:,3,24,2025-03-25T21:00:00.000Z,2025,
cmqqytdh00086stjkscolw6c2,import-dawn-lamb,Dawn Lamb,Managed Print Services (MPS),3/25:,3,25,2025-03-25T21:00:00.000Z,2025,
cmqqytdgp0084stjkw3g18teo,import-dawn-lamb,Dawn Lamb,Managed Print Services (MPS),3/26:  Region 1 had another toner out.  (New printer) (this one was delivered later date almost a week 4/3/2026).,3,26,2025-04-08T21:00:00.000Z,2025,
cmqqytdge0082stjksswg4ipp,import-dawn-lamb,Dawn Lamb,Managed Print Services (MPS),3/27:  Region 1 had another new printer out of toner and COR contacted TLG (Prime Contractor) to expediate new toner.,3,27,2025-04-08T21:00:00.000Z,2025,
cmqqytdg20080stjk7414brkb,import-dawn-lamb,Dawn Lamb,Managed Print Services (MPS),3/31:,3,31,2025-04-08T21:00:00.000Z,2025,
cmqqytdfe007wstjkaiw5pufm,import-dawn-lamb,Dawn Lamb,Managed Print Services (MPS),"4/10:  Toner for 833 printer are on back order and will arrive in the country next week.  Toner @ HQ (premier printer ) still waiting on .  Toner @ HQ (premier printer ) still waiting on.  TLG stated toner was shipped on 4/8/26 that toner was shipped, but still waiting.",4,10,2025-04-22T21:00:00.000Z,2025,
cmqqytdf2007ustjk4r1seabe,import-dawn-lamb,Dawn Lamb,Managed Print Services (MPS),4/13:,4,13,2025-04-22T21:00:00.000Z,2025,
cmqqytdr3009ystjkuxwnwhde,import-dawn-lamb,Dawn Lamb,Managed Print Services (MPS),4/13:  COR spoke to CO who stated just received back the brand name specific.  COs next is to solicit,4,13,2025-04-22T21:00:00.000Z,2025,
cmqqytder007sstjkp1zytyk1,import-dawn-lamb,Dawn Lamb,Managed Print Services (MPS),4/14:,4,14,2025-04-22T21:00:00.000Z,2025,
cmqqytdqt009wstjk3i1oolio,import-dawn-lamb,Dawn Lamb,Managed Print Services (MPS),"4/14:  CO solicited for 26 printers (including printers, stand, and staple finishers).",4,14,2025-04-22T21:00:00.000Z,2025,
cmqqytdeg007qstjkqkmxkq0x,import-dawn-lamb,Dawn Lamb,Managed Print Services (MPS),4/16:  Premier toner was received and still asking about other toner for 833 -- Tix # INC1862071,4,16,2025-04-22T21:00:00.000Z,2025,
cmqqytdre00a0stjktfnjosmx,import-dawn-lamb,Dawn Lamb,Managed Print Services (MPS),4/2:  COR waiting for contract to be awarded for new printer procurement.,4,2,2025-04-08T21:00:00.000Z,2025,
cmqqytdfq007ystjkrhw6vh56,import-dawn-lamb,Dawn Lamb,Managed Print Services (MPS),"4/2:  HQ:  Premier printer toner was out and inoperable.  Toner overnighted (delivered supposedly on 4/3) but tehcnician didn't receive until Monday, April 6, 2026",4,2,2025-04-08T21:00:00.000Z,2025,
cmqqytdd8007ostjkld6jqi5o,import-dawn-lamb,Dawn Lamb,Managed Print Services (MPS),4/21:,4,21,2025-04-22T21:00:00.000Z,2025,
cmqqytdcs007mstjkyqrel2dp,import-dawn-lamb,Dawn Lamb,Managed Print Services (MPS),4/24:,4,24,2025-05-06T21:00:00.000Z,2025,
cmqqytdqi009ustjk0tqpvoye,import-dawn-lamb,Dawn Lamb,Managed Print Services (MPS),4/27:  Contract was awarded to The Lioce Group w delivery date of 6/12/2026.,4,27,2025-05-06T21:00:00.000Z,2025,
cmqqytdch007kstjk3wyrjzvb,import-dawn-lamb,Dawn Lamb,Managed Print Services (MPS),4/28:  Let TLG know that about 300 to 373 printers have not been included in our billing.  Program searched in invoice and don't have any of these serial #s.  Program Office Jean Gabriel also indicated that this coudl have happened more then a year ago or even since they started.,4,28,2025-05-06T21:00:00.000Z,2025,
cmqqytdc4007istjk1v5y2h8y,import-dawn-lamb,Dawn Lamb,Managed Print Services (MPS),"4/30:  All printing devices are reporting in through LDCM and should see less and less manual requests for toners, and should be automated.",4,30,2025-05-06T21:00:00.000Z,2025,
cmqqytdal007astjkhxb6g8v5,import-dawn-lamb,Dawn Lamb,Managed Print Services (MPS),5/12:,5,12,2025-05-20T21:00:00.000Z,2025,
cmqqytdb0007cstjkx786hrt9,import-dawn-lamb,Dawn Lamb,Managed Print Services (MPS),5/12:  TLG Submitted deliverable – Service Review and Improvement Recommendation Report.  COR will review and provide feedback.,5,12,2025-05-20T21:00:00.000Z,2025,
cmqqytda50078stjkoi19dklx,import-dawn-lamb,Dawn Lamb,Managed Print Services (MPS),5/16:,5,16,2025-05-20T21:00:00.000Z,2025,
cmqqytd9t0076stjkwfevhrt6,import-dawn-lamb,Dawn Lamb,Managed Print Services (MPS),5/18:,5,18,2025-05-20T21:00:00.000Z,2025,
cmqqytd9i0074stjkpv0nwlx8,import-dawn-lamb,Dawn Lamb,Managed Print Services (MPS),5/29:,5,29,2025-06-03T21:00:00.000Z,2025,
cmqqytdbs007gstjkg3ihbm2t,import-dawn-lamb,Dawn Lamb,Managed Print Services (MPS),5/5:  COR requested update on 373 printers still not reporting .  TLG is supposedly meeting w/Chris Costa to determine how to bill EPA.  Requested update by 5/8/26.,5,5,2025-05-06T21:00:00.000Z,2025,
cmqqytdbe007estjkiowvckyy,import-dawn-lamb,Dawn Lamb,Managed Print Services (MPS),5/8:  COR did not receive update on 373 printers as TLG is still investigating and asked for extension until 5/12/2026.,5,8,2025-05-20T21:00:00.000Z,2025,
cmqqytggl00ofstjkct7k833t,import-kim-farmer,Kim Farmer,Microsoft ELA,01/29:,1,29,2025-02-11T22:00:00.000Z,2025,
cmqqytgd500npstjkn8ilw4uv,import-kim-farmer,Kim Farmer,Microsoft ELA,02/10:,2,10,2025-02-11T22:00:00.000Z,2025,
cmqqytg7w00mvstjk7npenubv,import-kim-farmer,Kim Farmer,Microsoft ELA,1/21: Approved compliance memo received.,1,21,2025-01-28T22:00:00.000Z,2025,
cmqqytg8900mxstjkvwwrei7y,import-kim-farmer,Kim Farmer,Microsoft ELA,"1/28:  The PR is currently with CO, who is reviewing the APP (submitted in Sept. 2025) and Statement of Work (SOW).  The CO is new and asking the COR questions to",1,28,2025-01-28T22:00:00.000Z,2025,
cmqqytg7j00mtstjkme9kibpi,import-kim-farmer,Kim Farmer,Microsoft ELA,"1/5:  Due to EAS routing issues, COR resubmitted (PR-OFA-26-00141) and routed to Contracting Team.  The PR is for a recompete, with an anticipated award by March 2026.",1,5,2025-01-14T22:00:00.000Z,2025,
cmqqytgdk00nrstjko1fb9wul,import-kim-farmer,Kim Farmer,Microsoft ELA,10/07:,10,7,2025-10-07T21:00:00.000Z,2025,
cmqqytgdy00ntstjkc24uu5yt,import-kim-farmer,Kim Farmer,Microsoft ELA,10/07:,10,7,2025-10-07T21:00:00.000Z,2025,
cmqqytgea00nvstjk10gj0c3i,import-kim-farmer,Kim Farmer,Microsoft ELA,11/03:,11,3,2025-11-04T22:00:00.000Z,2025,
cmqqytgek00nxstjkaju7rdqk,import-kim-farmer,Kim Farmer,Microsoft ELA,11/18:,11,18,2025-11-18T22:00:00.000Z,2025,
cmqqytg6o00mpstjks0m6igr3,import-kim-farmer,Kim Farmer,Microsoft ELA,11/3 Meeting with ITAD to map the recompete.,11,3,2025-11-04T22:00:00.000Z,2025,
cmqqytg7400mrstjk7ymgksqt,import-kim-farmer,Kim Farmer,Microsoft ELA,12/15 COR submitted PR (PR-OFA-26-00141) but was delayed to routing issues.,12,15,2025-12-16T22:00:00.000Z,2025,
cmqqytggd00odstjkapznaunx,import-kim-farmer,Kim Farmer,Microsoft ELA,12/29:,12,29,2025-12-30T22:00:00.000Z,2025,
cmqqytg6a00mnstjksmcr9vi0,import-kim-farmer,Kim Farmer,Microsoft ELA,2/10:  CO received comments from OGCE concerning Limited Source Justification (LSJ) for named source.,2,10,2025-02-11T22:00:00.000Z,2025,
cmqqxvy770079kj72x5i17j3g,import-jake-beja,Jake Beja,Mobile - EMDC - T-Mobile,03/27:,3,27,2025-04-08T21:00:00.000Z,2025,
cmqqxvy730077kj724j5rxg46,import-jake-beja,Jake Beja,Mobile - EMDC - T-Mobile,04/08:,4,8,2025-04-08T21:00:00.000Z,2025,
cmqqxvy6s0073kj72ecpxicop,import-jake-beja,Jake Beja,Mobile - EMDC - T-Mobile,05/04:,5,4,2025-05-06T21:00:00.000Z,2025,
cmqqxvy6e006zkj72cbv0xmvc,import-jake-beja,Jake Beja,Mobile - EMDC - T-Mobile,05/20:,5,20,2025-05-20T21:00:00.000Z,2025,
cmqqxvy5m006nkj72tr7oz6g1,import-jake-beja,Jake Beja,Mobile - EMDC - T-Mobile,06/03:,6,3,2025-06-03T21:00:00.000Z,2025,
cmqqytfra00knstjkt32ld2jh,cmpx2emsj0001788vfgr7eaal,Sergey Minchenkov,Oracle 2026,01/10 OITO/EOD expected to provide updated CSI list by COB 01/10.,1,10,2025-01-14T22:00:00.000Z,2025,
cmqqytfrm00kpstjkssyaku9z,cmpx2emsj0001788vfgr7eaal,Sergey Minchenkov,Oracle 2026,"01/17 EOD (Tim Richards/Alan M) now expect to have CSI list complete no earlier than 1/24; the team they are waiting on for additional information has requested an extension until 1/24.  Alan also indicated there is a new requirement for a small purchase for new licenses with the renewal.  At this point, EOD estimates the renewal cost be about $4.1M, assuming an 8% mark-up of the costs from last year.",1,17,2025-01-28T22:00:00.000Z,2025,
cmqqytfiu00jqstjk34749n9f,cmpx2emsj0001788vfgr7eaal,Sergey Minchenkov,Oracle 2026,"01/27: No new updates on this contract. See ""2025 ORACLE"" for the follow-on contract for calendar year 2025.",1,27,2025-01-28T22:00:00.000Z,2025,
cmqqytfrz00krstjkgj9h5yzr,cmpx2emsj0001788vfgr7eaal,Sergey Minchenkov,Oracle 2026,"01/28: Initial Oracle Procurement Package has been submitted - APP-OMS-25-00013 and $0 Planning PR PR-OMS-25-00395 have both been routed for review with IGCE at $4,720,028.80. SRO approval received. CS should finish his review sometime this week, and CO will begin his review after that.",1,28,2025-01-28T22:00:00.000Z,2025,
cmqqytfzi00lvstjkj348j5ed,cmpx2emsj0001788vfgr7eaal,Sergey Minchenkov,Oracle 2026,02/10: No new updates. Garrett took the lead on developing the APP for the contract's renewal in April 2026; Sergey serves as his backup.,2,10,2025-02-11T22:00:00.000Z,2025,
cmqqytfsf00ktstjk4abk7t5o,cmpx2emsj0001788vfgr7eaal,Sergey Minchenkov,Oracle 2026,"02/11: FITARA approved 02/04, and PR PR-OMS-25-00395 amended to include FITARA approval. Updated CSI list received from SME, and COR is working with SME to finalize new IGCE. CS/CO review still ongoing with goal to produce a milestone chart in the next two weeks. Funding should be available to submit funded PR shortly.",2,11,2025-02-11T22:00:00.000Z,2025,
cmqqytfsr00kvstjkrgd2y59c,cmpx2emsj0001788vfgr7eaal,Sergey Minchenkov,Oracle 2026,"02/25: Updated CSI list/IGCE provided to CO with guidance on understanding CSI List/IGCE provided by SME. CO review of APP and $0PR still ongoing. CS has submitted 1900-37 Small Business Review Form to OSDBU for review. ITAD is advising a total small business set aside, and approval is expected quickly. CS has advised that funded PR should be submitted within the next week, and COR has begun the process to submit funded PR.",2,25,2025-02-25T22:00:00.000Z,2025,
cmqqytft500kxstjk3rvw7t7c,cmpx2emsj0001788vfgr7eaal,Sergey Minchenkov,Oracle 2026,"03/11: RFQ set to close at 09:00am on 03/17. Once quote is received, funding and LOAs can be added to PR-OMS-25-00596. EO Compliance Review form received and attached to PR. Awaiting SRO approval and quote to proceed with PR.",3,11,2025-03-11T21:00:00.000Z,2025,
cmqqytftk00kzstjk93gii1e9,cmpx2emsj0001788vfgr7eaal,Sergey Minchenkov,Oracle 2026,"03/25: RFQ closed 03/23. PR-OMS-25-00596 has been routed for approval. SRO pre-approval is received and signed EO Compliance Review form is attached. PR will route up through SRO for official approval. Quote sent to TPOC. License QTYs have been accepted, and agency is going back to vendor/Oracle to clarify terminations.",3,25,2025-03-25T21:00:00.000Z,2025,
cmqqytfua00l3stjk9yetm3wq,cmpx2emsj0001788vfgr7eaal,Sergey Minchenkov,Oracle 2026,"04/22: EPA FY25 Consolidated Oracle Procurement awarded 03/31. COR confirmed with TPOC that no additional FY25 license procurement should be required. Unless there is another FY25 procurement action, there should not be another update until we begin working on the FY26 procurement in September.",4,22,2025-04-22T21:00:00.000Z,2025,
cmqqytfuo00l5stjka9xe2cxb,cmpx2emsj0001788vfgr7eaal,Sergey Minchenkov,Oracle 2026,"05/06: COR confirmed with TPOC that no additional FY25 license procurement should be required. Unless there is another FY25 procurement action, there should not be another update until we begin working on the FY26 procurement in September.",5,6,2025-05-06T21:00:00.000Z,2025,
cmqqytfv100l7stjkkq3sozfy,cmpx2emsj0001788vfgr7eaal,Sergey Minchenkov,Oracle 2026,05/29: CPARS for the previous versions of the Oracle contract were assigned to Sergey and completed in CPARS.gov.,5,29,2025-06-03T21:00:00.000Z,2025,
cmqqytfve00l9stjksuzshpf9,cmpx2emsj0001788vfgr7eaal,Sergey Minchenkov,Oracle 2026,06/17: No updates.,6,17,2025-06-17T21:00:00.000Z,2025,
cmqqytfvr00lbstjks796wvpp,cmpx2emsj0001788vfgr7eaal,Sergey Minchenkov,Oracle 2026,06/30: No updates.,6,30,2025-07-01T21:00:00.000Z,2025,
cmqqytfw300ldstjk2tjncuhj,cmpx2emsj0001788vfgr7eaal,Sergey Minchenkov,Oracle 2026,07/14: Paid the submitted vendor invoices for the last quarter.,7,14,2025-07-15T21:00:00.000Z,2025,
cmqqytfwh00lfstjkc517nwqu,cmpx2emsj0001788vfgr7eaal,Sergey Minchenkov,Oracle 2026,07/31: No updates.,7,31,2025-08-12T21:00:00.000Z,2025,
cmqqytfwu00lhstjkvxlioo9r,cmpx2emsj0001788vfgr7eaal,Sergey Minchenkov,Oracle 2026,08/12: No updates.,8,12,2025-08-12T21:00:00.000Z,2025,
cmqqytfx700ljstjkknzd5szr,cmpx2emsj0001788vfgr7eaal,Sergey Minchenkov,Oracle 2026,08/27: No updates.,8,27,2025-09-09T21:00:00.000Z,2025,
cmqqytfxk00llstjkdrqszue2,cmpx2emsj0001788vfgr7eaal,Sergey Minchenkov,Oracle 2026,09/10: No updates.,9,10,2025-09-23T21:00:00.000Z,2025,
cmqqytfxx00lnstjko6o3x76p,cmpx2emsj0001788vfgr7eaal,Sergey Minchenkov,Oracle 2026,09/22: No updates.,9,22,2025-09-23T21:00:00.000Z,2025,
cmqqytfyb00lpstjk443srlyr,cmpx2emsj0001788vfgr7eaal,Sergey Minchenkov,Oracle 2026,10/07: Garrett and Sergey began developing the APP for the contract's renewal in April 2026.,10,7,2025-10-07T21:00:00.000Z,2025,
cmqqytfyp00lrstjkznxyyx3w,cmpx2emsj0001788vfgr7eaal,Sergey Minchenkov,Oracle 2026,10/21: Garrett took the lead on developing the APP for the contract's renewal in April 2026; Sergey serves as his backup.,10,21,2025-10-21T21:00:00.000Z,2025,
cmqqytfgy00jgstjkia2l3w8u,cmpx2emsj0001788vfgr7eaal,Sergey Minchenkov,Oracle 2026,10/22 Meeting with Oracle schedule 10/24,10,22,2025-11-04T22:00:00.000Z,2025,
cmqqytfgk00jestjk4xm57l88,cmpx2emsj0001788vfgr7eaal,Sergey Minchenkov,Oracle 2026,"10/8:   ORACLE is scheduling a meeting soon with Technical Customer to discuss OLAP, and confirm the need.  ORACLE wants to ensure the customer is making correct decision on purchasing CSI licenses (price range 50K to 60K).",10,8,2025-10-21T21:00:00.000Z,2025,
cmqqytfz300ltstjknae5qww5,cmpx2emsj0001788vfgr7eaal,Sergey Minchenkov,Oracle 2026,11/03: Garrett took the lead on developing the APP for the contract's renewal in April 2026; Sergey serves as his backup.,11,3,2025-11-04T22:00:00.000Z,2025,
cmqqytfhd00jistjk5dbnkrsr,cmpx2emsj0001788vfgr7eaal,Sergey Minchenkov,Oracle 2026,11/1 Conducted Meeting and there is no need to add extra CSI,11,1,2025-11-04T22:00:00.000Z,2025,
cmqqytfhr00jkstjku05omqqt,cmpx2emsj0001788vfgr7eaal,Sergey Minchenkov,Oracle 2026,11/15 Waiting on the updated CSI list to start the APP for FY25 renewal,11,15,2025-11-18T22:00:00.000Z,2025,
cmqqytfq500khstjk5ewdwk9m,cmpx2emsj0001788vfgr7eaal,Sergey Minchenkov,Oracle 2026,11/15 Waiting on the updated CSI list to start the APP for FY25 renewal.,11,15,2025-11-18T22:00:00.000Z,2025,
cmqqytfi300jmstjkt2pmgdxu,cmpx2emsj0001788vfgr7eaal,Sergey Minchenkov,Oracle 2026,"12/20 (Michelle Cuilla) awaiting updated CSI list from Tim Richards. Once CSI list is received, will be able to proceed with APPs and PRs",12,20,2025-12-30T22:00:00.000Z,2025,
cmqqytfqj00kjstjklf7c6f27,cmpx2emsj0001788vfgr7eaal,Sergey Minchenkov,Oracle 2026,"12/20 awaiting updated CSI list from Tim Richards. Once CSI list is received, will be able to proceed with APPs and PRs.",12,20,2025-12-30T22:00:00.000Z,2025,
cmqqytfqx00klstjkmgv3cf1k,cmpx2emsj0001788vfgr7eaal,Sergey Minchenkov,Oracle 2026,12/31  Sergey took over as the COR from Michelle.,12,31,2026-01-13T22:00:00.000Z,2025,
cmqqytfih00jostjksyc5tttn,cmpx2emsj0001788vfgr7eaal,Sergey Minchenkov,Oracle 2026,12/31: Sergey took over as COR from Michelle,12,31,2026-01-13T22:00:00.000Z,2025,
cmqqytfty00l1stjko8egy92t,cmpx2emsj0001788vfgr7eaal,Sergey Minchenkov,Oracle 2026,4/08: EPA FY25 Consolidated Oracle Procurement awarded 03/31. COR confirmed with TPOC that no additional FY25 license procurement should be required.,4,8,2025-04-08T21:00:00.000Z,2025,
cmqqytfdh00iystjkme15vo41,cmpx2emsj0001788vfgr7eaal,Sergey Minchenkov,Oracle 2026,"7/19: Needed to answer questions from GSA to Award und NASA SEWP; Will be awarded on Friday, July 19, 2024",7,19,2025-07-29T21:00:00.000Z,2025,
cmqqytfd300iwstjkomujuuql,cmpx2emsj0001788vfgr7eaal,Sergey Minchenkov,Oracle 2026,7/3: Pending Second Part(new CSI) award,7,3,2025-07-15T21:00:00.000Z,2025,
cmqqytfdu00j0stjkoh4j6psa,cmpx2emsj0001788vfgr7eaal,Sergey Minchenkov,Oracle 2026,7/30: Clarity regarding new licenses (Oracle New CSI) obtained after further conversation with Oracle.  Expected award date is Friday 8/9.,7,30,2025-08-12T21:00:00.000Z,2025,
cmqqytfem00j4stjk7jhd6r0v,cmpx2emsj0001788vfgr7eaal,Sergey Minchenkov,Oracle 2026,8/16 Oracle Part 2 New CSIs pending award just waiting on vendor to respond,8,16,2025-08-26T21:00:00.000Z,2025,
cmqqytfey00j6stjkcexaftpz,cmpx2emsj0001788vfgr7eaal,Sergey Minchenkov,Oracle 2026,8/23 (Part 2)  Quote came back for $750K; need to amend the PR to add additional $45K,8,23,2025-08-26T21:00:00.000Z,2025,
cmqqytffd00j8stjkp2ex4gm2,cmpx2emsj0001788vfgr7eaal,Sergey Minchenkov,Oracle 2026,8/30 (Part 2) Oracle Awarded,8,30,2025-09-09T21:00:00.000Z,2025,
cmqqytfe800j2stjk0taryvag,cmpx2emsj0001788vfgr7eaal,Sergey Minchenkov,Oracle 2026,8/9: EPAs Oracle team met with Oracle and now have clarity to complete the Order.  (est. Completion date is 8/16),8,9,2025-08-12T21:00:00.000Z,2025,
cmqqytfg300jcstjkdodd2rpj,cmpx2emsj0001788vfgr7eaal,Sergey Minchenkov,Oracle 2026,9/20 N/A,9,20,2025-09-23T21:00:00.000Z,2025,
cmqqytffq00jastjkkliorfoc,cmpx2emsj0001788vfgr7eaal,Sergey Minchenkov,Oracle 2026,9/6 N/A,9,6,2025-09-09T21:00:00.000Z,2025,
cmqqytcy2005jstjk9bon03f6,import-adam-vanenwyck,Adam VanEnwyck,Qualtrics (via Carahsoft) BPA,01/05:,1,5,2025-01-14T22:00:00.000Z,2025,
cmqqytd870071stjkcb6dutov,import-adam-vanenwyck,Adam VanEnwyck,Qualtrics (via Carahsoft) BPA,03/27:  Limited Source Justification was approved by Office of General Counsel (brand name approved).,3,27,2025-04-08T21:00:00.000Z,2025,
cmqqytd4o006fstjk0642z6ho,import-adam-vanenwyck,Adam VanEnwyck,Qualtrics (via Carahsoft) BPA,03/30:,3,30,2025-04-08T21:00:00.000Z,2025,
cmqqytd49006dstjk22plvqjs,import-adam-vanenwyck,Adam VanEnwyck,Qualtrics (via Carahsoft) BPA,04/22:,4,22,2025-04-22T21:00:00.000Z,2025,
cmqqytd67006pstjk60rah7xp,import-adam-vanenwyck,Adam VanEnwyck,Qualtrics (via Carahsoft) BPA,1/21: Approved compliance memo received.,1,21,2025-01-28T22:00:00.000Z,2025,
cmqqytd6j006rstjkcbxjwka9,import-adam-vanenwyck,Adam VanEnwyck,Qualtrics (via Carahsoft) BPA,"1/28:  The PR is currently with CO, who is reviewing the APP (submitted in Sept. 2025) and Statement of Work (SOW).  The CO is new and asking the COR questions to",1,28,2025-01-28T22:00:00.000Z,2025,
cmqqytd5w006nstjku7ohvskd,import-adam-vanenwyck,Adam VanEnwyck,Qualtrics (via Carahsoft) BPA,"1/5:  Due to EAS routing issues, COR resubmitted (PR-OFA-26-00141) and routed to Contracting Team.  The PR is for a recompete, with an anticipated award by March 2026.",1,5,2025-01-14T22:00:00.000Z,2025,
cmqqytcx5005dstjkxs15yjaw,import-adam-vanenwyck,Adam VanEnwyck,Qualtrics (via Carahsoft) BPA,10/06:,10,6,2025-10-07T21:00:00.000Z,2025,
cmqqytcxg005fstjkvawwiyul,import-adam-vanenwyck,Adam VanEnwyck,Qualtrics (via Carahsoft) BPA,10/21:,10,21,2025-10-21T21:00:00.000Z,2025,
cmqqytcxs005hstjkkolb81rd,import-adam-vanenwyck,Adam VanEnwyck,Qualtrics (via Carahsoft) BPA,11/03:,11,3,2025-11-04T22:00:00.000Z,2025,
cmqqytd5b006jstjka3seoqyf,import-adam-vanenwyck,Adam VanEnwyck,Qualtrics (via Carahsoft) BPA,11/3 Meeting with ITAD to map the recompete.,11,3,2025-11-04T22:00:00.000Z,2025,
cmqqytd5m006lstjk02dyyc7q,import-adam-vanenwyck,Adam VanEnwyck,Qualtrics (via Carahsoft) BPA,12/15 COR submitted PR (PR-OFA-26-00141) but was delayed to routing issues.,12,15,2025-12-16T22:00:00.000Z,2025,
cmqqytd6v006tstjk72ll0du5,import-adam-vanenwyck,Adam VanEnwyck,Qualtrics (via Carahsoft) BPA,2/10:  CO received comments from OGCE concerning Limited Source Justification (LSJ) for named source.,2,10,2025-02-11T22:00:00.000Z,2025,
cmqqytd76006vstjks8hcqrbp,import-adam-vanenwyck,Adam VanEnwyck,Qualtrics (via Carahsoft) BPA,2/12:  Additional language supporting LSJ submitted to CO.,2,12,2025-02-25T22:00:00.000Z,2025,
cmqqytd7h006xstjkx82x456m,import-adam-vanenwyck,Adam VanEnwyck,Qualtrics (via Carahsoft) BPA,2/13: CO submitted updated LSJ to OGC for review and approval.,2,13,2025-02-25T22:00:00.000Z,2025,
cmqqytd7s006zstjkbkr3gmgl,import-adam-vanenwyck,Adam VanEnwyck,Qualtrics (via Carahsoft) BPA,2/27:  The Office of General Counsel (OGC) rejected Microsoft name approval.  Currently elevated to Tiffany by Will for assistance.,2,27,2025-03-11T21:00:00.000Z,2025,
cmqqytd4z006hstjk4tvk5q21,import-adam-vanenwyck,Adam VanEnwyck,Qualtrics (via Carahsoft) BPA,3/27:  Brand Name Justification approved by the Office of General Counsel.,3,27,2025-04-08T21:00:00.000Z,2025,
cmqqytd3t006bstjkjzu0xgq2,import-adam-vanenwyck,Adam VanEnwyck,Qualtrics (via Carahsoft) BPA,4/30:,4,30,2025-05-06T21:00:00.000Z,2025,
cmqqytd3d0069stjkk86bycru,import-adam-vanenwyck,Adam VanEnwyck,Qualtrics (via Carahsoft) BPA,5/15,5,15,2025-05-20T21:00:00.000Z,2025,
cmqqytd2x0067stjklitxh4cb,import-adam-vanenwyck,Adam VanEnwyck,Qualtrics (via Carahsoft) BPA,6/16,6,16,2025-06-17T21:00:00.000Z,2025,
cmqqytgpb00qbstjkcp0qbv2y,import-kim-farmer,Kim Farmer,Records Management – DC,"1/15:  COR and CO finalized evaluation criteria after several exchanges.  COR and CMB Chief currently reviewing CO's comments for SOW, and COR will respond to CO Tuesday, 1/21.",1,15,2025-01-28T22:00:00.000Z,2025,
cmqqytgpm00qdstjksqaqq90u,import-kim-farmer,Kim Farmer,Records Management – DC,1/28:  No updates.,1,28,2025-01-28T22:00:00.000Z,2025,
cmqqytgos00q7stjkoqyttpaz,import-kim-farmer,Kim Farmer,Records Management – DC,"3/11:  The Task order will not have option year 2 exercised.  A new task order is set to be issued by May 1, 2025 will include both Headquarters and RTP.",3,11,2025-03-11T21:00:00.000Z,2025,
cmqqytgpv00qfstjk1jzpbhq4,import-kim-farmer,Kim Farmer,Records Management – DC,"3/11:  The Task order will not have option year 2 exercised.  A new task order is set to be issued by May 1, 2025 will include both Headquarters and RTP.",3,11,2025-03-11T21:00:00.000Z,2025,
cmqqxvyad008ekj72ln4rznd7,import-jake-beja,Jake Beja,T-Mobile (Legacy Contract) (no call order @ this time),01/29:,1,29,2025-02-11T22:00:00.000Z,2025,
cmqqxvya8008ckj72h3mxtnbh,import-jake-beja,Jake Beja,T-Mobile (Legacy Contract) (no call order @ this time),02/10:,2,10,2025-02-11T22:00:00.000Z,2025,
cmqqxvya3008akj720qn9iigc,import-jake-beja,Jake Beja,T-Mobile (Legacy Contract) (no call order @ this time),02/27:,2,27,2025-03-11T21:00:00.000Z,2025,
cmqqxvy9y0088kj723y9nf3qx,import-jake-beja,Jake Beja,T-Mobile (Legacy Contract) (no call order @ this time),03/31:,3,31,2025-04-08T21:00:00.000Z,2025,
cmqqxvy9r0086kj72e6748c3b,import-jake-beja,Jake Beja,T-Mobile (Legacy Contract) (no call order @ this time),04/08:,4,8,2025-04-08T21:00:00.000Z,2025,
cmqqxvy98007ykj72z6pvdihx,import-jake-beja,Jake Beja,T-Mobile (Legacy Contract) (no call order @ this time),04/23:,4,23,2025-05-06T21:00:00.000Z,2025,
cmqqxvy8x007ukj72mauq12sb,import-jake-beja,Jake Beja,T-Mobile (Legacy Contract) (no call order @ this time),05/04:,5,4,2025-05-06T21:00:00.000Z,2025,
cmqqxvy8q007skj72u7fp7du6,import-jake-beja,Jake Beja,T-Mobile (Legacy Contract) (no call order @ this time),05/20:,5,20,2025-05-20T21:00:00.000Z,2025,
cmqqxvy8g007okj72ezcnhnxm,import-jake-beja,Jake Beja,T-Mobile (Legacy Contract) (no call order @ this time),06/03:,6,3,2025-06-03T21:00:00.000Z,2025,
cmqqxvy7n007ckj72rqycb6ks,import-jake-beja,Jake Beja,T-Mobile (Legacy Contract) (no call order @ this time),06/10:,6,10,2025-06-17T21:00:00.000Z,2025,
cmqqxvyb5008okj728n2owdbe,import-jake-beja,Jake Beja,T-Mobile (Legacy Contract) (no call order @ this time),10/07:,10,7,2025-10-07T21:00:00.000Z,2025,
cmqqxvyaz008mkj723ufb3uvz,import-jake-beja,Jake Beja,T-Mobile (Legacy Contract) (no call order @ this time),10/21:,10,21,2025-10-21T21:00:00.000Z,2025,
cmqqxvyat008kkj72ly8gx2cv,import-jake-beja,Jake Beja,T-Mobile (Legacy Contract) (no call order @ this time),11/03:,11,3,2025-11-04T22:00:00.000Z,2025,
cmqqxvyan008ikj72cwuwycxm,import-jake-beja,Jake Beja,T-Mobile (Legacy Contract) (no call order @ this time),11/18:,11,18,2025-11-18T22:00:00.000Z,2025,
cmqqxvyai008gkj72a1b7jmu3,import-jake-beja,Jake Beja,T-Mobile (Legacy Contract) (no call order @ this time),12/29:,12,29,2025-12-30T22:00:00.000Z,2025,
cmqqxvy40006akj72lmbvvbxv,import-jake-beja,Jake Beja,Verizon (via EMDC) (call order),01/29:,1,29,2025-02-11T22:00:00.000Z,2025,
cmqqxvy3t0068kj72gj6786kg,import-jake-beja,Jake Beja,Verizon (via EMDC) (call order),02/10:,2,10,2025-02-11T22:00:00.000Z,2025,
cmqqxvy3n0066kj72uj6k8xbl,import-jake-beja,Jake Beja,Verizon (via EMDC) (call order),02/27:,2,27,2025-03-11T21:00:00.000Z,2025,
cmqqxvy3g0064kj72ctxfm6vy,import-jake-beja,Jake Beja,Verizon (via EMDC) (call order),03/27:,3,27,2025-04-08T21:00:00.000Z,2025,
cmqqxvy3a0062kj72vln656ei,import-jake-beja,Jake Beja,Verizon (via EMDC) (call order),04/08:,4,8,2025-04-08T21:00:00.000Z,2025,
cmqqxvy2s005wkj72s8g4hqds,import-jake-beja,Jake Beja,Verizon (via EMDC) (call order),04/23:,4,23,2025-05-06T21:00:00.000Z,2025,
cmqqxvy2i005skj72wolwo0at,import-jake-beja,Jake Beja,Verizon (via EMDC) (call order),05/04:,5,4,2025-05-06T21:00:00.000Z,2025,
cmqqxvy2b005qkj72a83xda30,import-jake-beja,Jake Beja,Verizon (via EMDC) (call order),05/20:,5,20,2025-05-20T21:00:00.000Z,2025,
cmqqxvy21005mkj72zayua0lw,import-jake-beja,Jake Beja,Verizon (via EMDC) (call order),06/03:,6,3,2025-06-03T21:00:00.000Z,2025,
cmqqxvy1a005akj72pafn6u9x,import-jake-beja,Jake Beja,Verizon (via EMDC) (call order),06/09:,6,9,2025-06-17T21:00:00.000Z,2025,
cmqqxvy4x006kkj72gbpmfptw,import-jake-beja,Jake Beja,Verizon (via EMDC) (call order),10/07:,10,7,2025-10-07T21:00:00.000Z,2025,
cmqqxvy4r006ikj72c76cl2hj,import-jake-beja,Jake Beja,Verizon (via EMDC) (call order),10/21:,10,21,2025-10-21T21:00:00.000Z,2025,
cmqqxvy4l006gkj72w8koifps,import-jake-beja,Jake Beja,Verizon (via EMDC) (call order),11/03:,11,3,2025-11-04T22:00:00.000Z,2025,
cmqqxvy4e006ekj72w6umsw0p,import-jake-beja,Jake Beja,Verizon (via EMDC) (call order),11/18:,11,18,2025-11-18T22:00:00.000Z,2025,
cmqqxvy47006ckj72ec1tupo1,import-jake-beja,Jake Beja,Verizon (via EMDC) (call order),12/29:,12,29,2025-12-30T22:00:00.000Z,2025,